# QuietKey QK-DEC-147/QK-DEC-153-SUP-002/QK-DEC-165/QK-DEC-165-SUP-001 card-observation and sitting dependency closure; tab-separated.
# kind	name	version	checksum_sha256	provenance_or_checksum_subject	license	purpose
registry	bitflags	2.13.1	b588b76d00fde79687d7646a9b5bdf3cc0f655e0bbd080335a95d7e96f3587da	crates.io-package	MIT OR Apache-2.0	pcsc protocol and state flag representation
registry	pcsc	2.9.0	7dd833ecf8967e65934c49d3521a175929839bf6d0e497f3bd0d3a2ca08943da	crates.io-package	MIT	safe PC/SC wrapper for the ring-fenced enrollment and fixed identity-read tool
registry	pcsc-sys	1.3.0	e14ef017e15d2e5592a9e39a346c1dbaea5120bab7ed7106b210ef58ebd97003	crates.io-package	MIT	transitive PC/SC platform binding behind the safe wrapper
registry	pkg-config	0.3.34	f6b464fbc74e149a392436b17d523f769e057cb6877f6a5c4618bc6f11800548	crates.io-package	MIT OR Apache-2.0	build-only non-macOS PC/SC library discovery
path	qk-card-model	0.0.1	-	workspace	Apache-2.0	dev-only fixed sitting transcript replay; absent from the tool's normal and build closures
path	qk-card-protocol	0.0.1	-	workspace	Apache-2.0	runtime fixed B6 and UART SIGN APDU framing and response grammar; dev-only model protocol types
path	qk-secp	0.0.1	-	workspace	Apache-2.0	runtime B6 and UART SIGN strict DER normalization and public-key verification; dev model dependency; vendored C build requires a C compiler
path	qk-sec1210-wire	0.0.1	-	workspace	Apache-2.0	runtime dependency-free bounded SEC1210 codec and raw-response signing session; no UART access
path	qk-t1	0.0.1	-	workspace	Apache-2.0	runtime dependency-free bounded T=1 readback and raw-response signing sessions; no native device access
